set,rank,rank_lo95,rank_hi95,id,name,type,cost,delta_pct,ci95_pct,tier,effect_pct,usable,play_pct,buy_turn,n_pairs
starter1,1,1,1,RUST_SHROOM,러스트 머쉬룸,mon,1,5.63,1.72,◎確実,0.00,○,100.0,,4000
starter1,2,2,5,CASTLE,성,mon,2,2.33,1.78,○有意,0.00,○,100.0,,4000
starter1,3,2,5,STARTER_CHEST,보물상자,starter,1,2.17,1.54,○有意,0.00,○,88.3,,4000
starter1,4,2,6,COUNTERCALC,역산,spell,1,1.73,1.56,○有意,0.00,○,66.0,,4000
starter1,5,2,8,COLLUSION,담합,trap,3,1.30,1.43,－誤差内,0.00,○,99.7,,4000
starter1,6,3,14,HALF_ELF,하프 엘프,mon,2,0.90,1.77,－誤差内,0.00,○,99.7,,4000
starter1,7,6,19,AMBUSH,기습,spell,2,-0.20,1.60,－誤差内,0.00,○,73.7,,4000
starter1,8,6,15,NEGOTIATE,검은 봉인의 거래,spell,1,-0.22,1.39,－誤差内,0.00,✕評価不能,0.0,,4000
starter1,9,7,18,TRICKROOM,트릭룸,spell,3,-0.57,1.39,－誤差内,0.00,✕評価不能,0.0,,4000
starter1,10,7,17,REFRESH_HAND,리프레시,spell,1,-0.63,1.39,－誤差内,0.00,✕評価不能,0.0,,4000
starter1,11,9,19,FOCUS,선택과 집중,spell,2,-0.65,1.39,－誤差内,0.00,✕評価不能,0.0,,4000
starter1,12,10,20,SLUM,슬럼가,spell,2,-0.65,1.39,－誤差内,0.00,✕評価不能,0.0,,4000
starter1,13,9,20,DUNGEON_FLOOR,던전 최하층,spell,4,-0.65,1.39,－誤差内,0.00,✕評価不能,0.0,,4000
starter1,14,6,22,ELF_HAVEN,엘프의 쉼터,spell,3,-0.68,1.67,－誤差内,0.00,○,95.0,,4000
starter1,15,9,21,INCUBATOR_S,부화기,spell,1,-0.80,1.38,－誤差内,0.00,✕評価不能,0.0,,4000
starter1,16,8,21,CHOSEN_AREA,선택받은 영역,spell,7,-0.80,1.41,－誤差内,0.00,✕評価不能,0.0,,4000
starter1,17,7,23,FLAME,불씨의 채무,spell,1,-0.85,1.68,－誤差内,0.00,○,100.0,,4000
starter1,18,8,22,GRAPE,포도,spell,1,-0.88,1.37,－誤差内,0.00,✕評価不能,0.0,,4000
starter1,19,7,24,TRUMPET,지원 나팔,spell,2,-1.15,1.58,－誤差内,0.00,○,89.5,,4000
starter1,20,8,24,GHOST,유령,mon,2,-1.32,1.73,－誤差内,0.00,○,99.6,,4000
starter1,21,8,26,WEAKEN_ALL,약화술식,spell,2,-1.60,1.84,－誤差内,0.00,○,98.0,,4000
starter1,22,10,26,CASINO,카지노,mon,3,-1.77,1.74,○有意,0.00,○,99.2,,4000
starter1,23,14,26,ACID_RAIN,산성비,spell,2,-2.10,1.66,○有意,0.00,○,98.0,,4000
starter1,24,19,27,FATE_WHEEL,운명의 수레바퀴,spell,5,-2.27,1.47,○有意,0.00,○,68.8,,4000
starter1,25,19,28,TRIBE_PACT,다종족 계약,spell,2,-2.40,1.73,○有意,0.00,○,98.0,,4000
starter1,26,22,29,BLOOD_RITE,혈귀술,spell,2,-2.85,1.71,○有意,0.00,○,97.9,,4000
starter1,27,25,32,GUILD_HALL,암살자 길드 지부,mon,2,-3.55,1.68,◎確実,0.00,○,99.7,,4000
starter1,28,25,32,MIMIC_PARTY,미믹 파티,trap,1,-3.70,1.46,◎確実,0.00,○,99.5,,4000
starter1,29,26,32,GUILD_CO,상회,spell,2,-3.75,1.66,◎確実,0.00,○,98.3,,4000
starter1,30,25,32,GAMBLER,도박꾼,mon,3,-4.05,1.82,◎確実,0.00,○,100.0,,4000
starter1,31,26,32,ANCIENT_CIV,고대 문명,spell,4,-4.15,1.66,◎確実,0.00,○,89.4,,4000
starter1,32,27,32,FORESIGHT,선견지명,spell,3,-4.32,1.62,◎確実,0.00,○,94.5,,4000
starter1,33,33,34,BREWING,양조,spell,3,-6.20,1.66,◎確実,0.00,○,94.7,,4000
starter1,34,33,34,TRIAL_AREA,시련의 영역,spell,3,-7.40,1.66,◎確実,0.00,○,94.9,,4000
starter3,1,1,1,RUST_SHROOM,러스트 머쉬룸,mon,1,4.03,1.85,◎確実,0.00,○,100.0,,4000
starter3,2,2,3,GHOST,유령,mon,2,1.95,1.95,－誤差内,0.00,○,100.0,,4000
starter3,3,2,4,STARTER_CHEST,보물상자,starter,1,1.45,1.71,－誤差内,0.00,○,95.2,,4000
starter3,4,3,5,COUNTERCALC,역산,spell,1,0.07,1.69,－誤差内,0.00,○,69.0,,4000
starter3,5,4,5,AMBUSH,기습,spell,2,-1.32,1.81,－誤差内,0.00,○,87.3,,4000
starter3,6,6,10,REFRESH_HAND,리프레시,spell,1,-3.82,1.58,◎確実,0.00,✕評価不能,0.0,,4000
starter3,7,6,10,FOCUS,선택과 집중,spell,2,-3.82,1.58,◎確実,0.00,✕評価不能,0.0,,4000
starter3,8,7,11,SLUM,슬럼가,spell,2,-3.82,1.58,◎確実,0.00,✕評価不能,0.0,,4000
starter3,9,7,11,DUNGEON_FLOOR,던전 최하층,spell,4,-3.82,1.58,◎確実,0.00,✕評価不能,0.0,,4000
starter3,10,6,12,INCUBATOR_S,부화기,spell,1,-3.98,1.58,◎確実,0.00,✕評価不能,0.0,,4000
starter3,11,6,14,NEGOTIATE,검은 봉인의 거래,spell,1,-4.13,1.59,◎確実,0.00,✕評価不能,0.0,,4000
starter3,12,9,15,GRAPE,포도,spell,1,-4.45,1.55,◎確実,0.00,✕評価不能,0.0,,4000
starter3,13,6,15,CHOSEN_AREA,선택받은 영역,spell,7,-4.65,1.59,◎確実,0.00,✕評価不能,0.0,,4000
starter3,14,11,15,TRICKROOM,트릭룸,spell,3,-4.72,1.59,◎確実,0.00,✕評価不能,0.0,,4000
starter3,15,6,15,HALF_ELF,하프 엘프,mon,2,-5.30,1.93,◎確実,0.00,○,100.0,,4000
starter3,16,16,17,FLAME,불씨의 채무,spell,1,-7.15,1.80,◎確実,0.00,○,100.0,,4000
starter3,17,16,20,GUILD_CO,상회,spell,2,-8.80,1.76,◎確実,0.00,○,99.9,,4000
starter3,18,17,21,TRUMPET,지원 나팔,spell,2,-9.18,1.68,◎確実,0.00,○,94.1,,4000
starter3,19,17,21,TRIBE_PACT,다종족 계약,spell,2,-9.53,1.84,◎確実,0.00,○,99.9,,4000
starter3,20,18,23,FORESIGHT,선견지명,spell,3,-10.10,1.76,◎確実,0.00,○,99.2,,4000
starter3,21,18,23,ACID_RAIN,산성비,spell,2,-10.35,1.84,◎確実,0.00,○,99.9,,4000
starter3,22,19,25,COLLUSION,담합,trap,3,-11.03,1.78,◎確実,0.00,○,100.0,,4000
starter3,23,20,25,BLOOD_RITE,혈귀술,spell,2,-11.18,1.87,◎確実,0.00,○,99.9,,4000
starter3,24,21,26,ELF_HAVEN,엘프의 쉼터,spell,3,-11.55,1.86,◎確実,0.00,○,99.3,,4000
starter3,25,21,27,WEAKEN_ALL,약화술식,spell,2,-12.05,2.02,◎確実,0.00,○,99.9,,4000
starter3,26,24,27,FATE_WHEEL,운명의 수레바퀴,spell,5,-13.03,1.65,◎確実,0.00,○,79.4,,4000
starter3,27,25,27,CASTLE,성,mon,2,-13.38,1.90,◎確実,0.00,○,100.0,,4000
starter3,28,28,29,MIMIC_PARTY,미믹 파티,trap,1,-15.50,1.72,◎確実,0.00,○,100.0,,4000
starter3,29,28,30,GUILD_HALL,암살자 길드 지부,mon,2,-16.38,1.86,◎確実,0.00,○,100.0,,4000
starter3,30,29,31,CASINO,카지노,mon,3,-17.18,1.83,◎確実,0.00,○,99.9,,4000
starter3,31,30,31,GAMBLER,도박꾼,mon,3,-19.30,1.89,◎確実,0.00,○,100.0,,4000
starter3,32,32,33,ANCIENT_CIV,고대 문명,spell,4,-21.43,1.77,◎確実,0.00,○,96.7,,4000
starter3,33,32,33,BREWING,양조,spell,3,-22.75,1.78,◎確実,0.00,○,99.3,,4000
starter3,34,34,34,TRIAL_AREA,시련의 영역,spell,3,-28.45,1.74,◎確実,0.00,○,99.4,,4000
buy,1,1,1,TDE4,마왕,mon,4,38.50,1.69,◎確実,49.67,○,97.6,1.50,4000
buy,2,2,3,TDE3,마족 광전사,mon,3,27.05,1.79,◎確実,37.56,○,98.6,1.50,4000
buy,3,2,3,TGE4,시초의 재판관,mon,4,25.72,1.75,◎確実,36.89,○,95.2,1.50,4000
buy,4,4,5,T4,매직 카운터,trap,4,21.10,1.77,◎確実,32.27,○,96.1,1.50,4000
buy,5,4,5,T13,낙뢰,trap,4,19.93,1.81,◎確実,31.09,○,96.7,1.50,4000
buy,6,6,7,TDE2,마족 전사,mon,2,18.00,1.78,◎確実,24.18,○,97.3,1.50,4000
buy,7,6,7,TAR3,몰락한 기사,mon,3,17.82,1.83,◎確実,28.33,○,98.0,1.50,4000
buy,8,8,8,M11,워로드,mon,4,14.37,1.79,◎確実,25.54,○,95.2,1.50,4000
buy,9,9,10,TAR5,귀족 영주,mon,4,10.50,1.83,◎確実,21.67,○,96.8,1.50,4000
buy,10,9,11,NGA4,검귀,mon,4,10.20,1.86,◎確実,21.37,○,97.5,1.50,4000
buy,11,10,13,TPO5,포식자,mon,4,8.97,1.80,◎確実,20.14,○,95.1,1.50,4000
buy,12,11,17,TGE1,시초의 알,mon,1,8.00,1.71,◎確実,10.97,○,98.1,1.50,4000
buy,13,11,19,GM6_7,장군,mon,6,7.60,1.35,◎確実,14.91,○,52.8,13.70,4000
buy,14,12,22,GT5_1,용암 함정,trap,5,7.27,1.57,◎確実,16.35,○,72.4,8.99,4000
buy,15,12,21,M7,엠버 드레이크,mon,3,7.12,1.81,◎確実,17.63,○,96.3,1.50,4000
buy,16,12,21,ELITE,정예 기사단장,mon,4,7.07,1.78,◎確実,18.24,○,95.0,1.50,4000
buy,17,13,23,AWAKENED_MIMIC,각성한 미믹,mon,5,6.70,1.55,◎確実,15.78,○,69.1,9.00,4000
buy,18,13,23,TDE1,마족 척후,mon,1,6.70,1.75,◎確実,9.67,○,82.1,1.50,4000
buy,19,13,23,VITAL3,세계수의 파수꾼,mon,3,6.68,1.79,◎確実,17.18,○,96.8,1.50,4000
buy,20,14,25,TAR2,몰락 귀족,mon,2,6.22,1.81,◎確実,12.40,○,97.4,1.50,4000
buy,21,15,25,M4,블레이드 헤어,mon,2,6.17,1.79,◎確実,12.35,○,96.9,1.50,4000
buy,22,17,27,T8,독가시 마름쇠,trap,1,5.83,1.69,◎確実,8.79,○,95.5,1.50,4000
buy,23,16,27,S13,별무덤 낙하,spell,4,5.70,1.80,◎確実,16.87,○,88.2,1.50,4000
buy,24,20,30,TPO2,굶주린 짐승,mon,2,5.17,1.81,◎確実,11.35,○,97.0,1.50,4000
buy,25,20,29,GM6_8,공허의 공성병,mon,6,5.10,1.31,◎確実,12.41,○,52.1,13.70,4000
buy,26,21,31,GM5_2,강철의 전사,mon,5,4.75,1.54,◎確実,13.83,○,70.1,9.00,4000
buy,27,23,34,T9,가시 방패,trap,2,4.45,1.75,◎確実,10.63,○,95.7,1.50,4000
buy,28,25,36,TGE7,시초의 군주,mon,7,3.95,1.15,◎確実,10.24,△参考,39.0,16.48,4000
buy,29,24,36,ASSASSIN2,중급 암살자,mon,4,3.92,1.79,◎確実,15.09,○,95.2,1.50,4000
buy,30,26,37,GM5_0,고대의 광전사,mon,5,3.80,1.51,◎確実,12.88,○,70.2,9.00,4000
buy,31,26,38,M1,스파크 임프,mon,1,3.67,1.69,◎確実,6.64,○,97.9,1.50,4000
buy,32,26,39,M8,그로브 워든,mon,3,3.45,1.77,○有意,13.96,○,95.7,1.50,4000
buy,33,28,40,NMD6,대현자,mon,6,3.17,1.29,◎確実,10.48,○,51.7,13.70,4000
buy,34,28,41,S3,칼날의 속삭임,spell,2,3.15,1.79,○有意,9.32,○,82.3,1.50,4000
buy,35,28,42,WORLD_HEART,세계수의 심장,spell,5,3.05,1.62,○有意,12.13,○,72.6,8.15,4000
buy,36,29,42,GREED_PRICE,탐욕의 대가,spell,4,2.73,1.79,○有意,13.89,○,83.5,1.50,4000
buy,37,29,43,TPO3,굶주린 추격자,mon,3,2.67,1.83,○有意,13.18,○,96.5,1.50,4000
buy,38,31,45,ASSASSIN1,초급 암살자,mon,2,2.48,1.78,○有意,8.65,○,97.0,1.50,4000
buy,39,30,44,VITAL2,세계수의 신도,mon,2,2.48,1.76,○有意,8.65,○,96.7,1.50,4000
buy,40,33,47,TSO5,고독한 방랑자,mon,4,2.05,1.82,○有意,13.22,○,50.0,1.50,4000
buy,41,34,48,M9,렐릭 헌터,mon,3,2.02,1.79,○有意,12.53,○,95.7,1.50,4000
buy,42,36,52,DRAGON_EGG,드래곤의 알,mon,6,1.50,1.30,○有意,8.81,○,55.0,13.70,4000
buy,43,37,52,M3,더스트 스카우트,mon,1,1.45,1.71,－誤差内,4.42,○,98.0,1.50,4000
buy,44,38,53,MIMIC_KING2,미믹 킹 2세,mon,7,1.18,1.13,○有意,7.47,△参考,38.0,16.75,4000
buy,45,40,58,GM5_3,화염의 드레이크,mon,5,0.88,1.51,－誤差内,9.95,○,70.2,9.00,4000
buy,46,41,57,LEGEND_GAMBLER,전설의 도박꾼,mon,7,0.83,1.14,－誤差内,7.12,△参考,39.8,16.75,4000
buy,47,40,61,NGA3,전사 골램,mon,3,0.83,1.78,－誤差内,11.33,○,96.8,1.50,4000
buy,48,41,63,GT9_2,복수,trap,5,0.70,1.53,－誤差内,9.78,○,72.5,8.99,4000
buy,49,41,59,WORLD_TREE,세계수,mon,10,0.60,0.93,－誤差内,7.19,△参考,26.7,17.25,4000
buy,50,42,63,HPS_SCALE,강철 비늘,spell,1,0.55,1.71,－誤差内,3.52,○,85.7,1.50,4000
buy,51,41,66,T6,심리전,trap,4,0.55,1.86,－誤差内,11.72,○,96.2,1.50,4000
buy,52,43,65,TGE2,시초의 불씨,mon,2,0.33,1.76,－誤差内,6.50,○,97.1,1.50,4000
buy,53,45,68,GT5_0,대역,trap,5,0.07,1.56,－誤差内,9.15,○,72.6,8.99,4000
buy,54,44,70,TPO1,굶주린 새끼짐승,mon,1,-0.03,1.71,－誤差内,2.94,○,77.7,1.50,4000
buy,55,49,75,TIMEWARP,시공간 조작,spell,14,-0.38,0.46,－誤差内,8.86,✕評価不能,6.6,29.06,4000
buy,56,47,76,GOLEM2,리더 골램,mon,3,-0.43,1.79,－誤差内,10.08,○,96.7,1.50,4000
buy,57,50,75,BEAST_EGG,신수의 알,mon,8,-0.43,0.95,－誤差内,4.85,△参考,33.8,19.48,4000
buy,58,49,77,TGE5,시초의 정령,mon,5,-0.47,1.54,－誤差内,8.60,○,68.0,8.44,4000
buy,59,48,77,HEXER2,중급 주술사,mon,4,-0.55,1.77,－誤差内,10.62,○,94.9,1.50,4000
buy,60,49,78,VAMP_BUTLER,뱀파이어 집사,mon,2,-0.55,1.76,－誤差内,5.63,○,97.4,1.50,4000
buy,61,49,78,M12,타이탄 게이트,mon,4,-0.57,1.77,－誤差内,10.59,○,92.9,1.50,4000
buy,62,50,80,GT5_4,식탐,trap,5,-0.63,1.54,－誤差内,8.45,○,72.5,8.99,4000
buy,63,51,80,M2,스톤 펍,mon,1,-0.73,1.69,－誤差内,2.24,○,97.5,1.50,4000
buy,64,51,81,GOLEM1,병사 골램,mon,1,-0.78,1.68,－誤差内,2.19,○,98.0,1.50,4000
buy,65,51,81,M5,아이언 셸,mon,2,-0.78,1.75,－誤差内,5.40,○,96.5,1.50,4000
buy,66,52,83,GT11_0,정보상,trap,5,-0.83,1.50,－誤差内,8.25,○,72.5,8.99,4000
buy,67,52,83,M6,트윈 팽,mon,2,-0.92,1.76,－誤差内,5.25,○,96.5,1.50,4000
buy,68,52,83,MIMIC_KING,미믹 킹,mon,6,-0.95,1.34,－誤差内,6.36,○,51.1,13.70,4000
buy,69,51,84,T3,함정 구덩이,trap,2,-1.00,1.75,－誤差内,5.18,○,95.7,1.50,4000
buy,70,53,85,ND2,예지의 룬,spell,2,-1.13,1.75,－誤差内,5.05,○,95.4,1.50,4000
buy,71,53,86,TRAPSMITH,함정 기술자,mon,4,-1.15,1.81,－誤差内,10.02,○,94.7,1.50,4000
buy,72,54,86,HEXER3,상급 주술사,mon,5,-1.15,1.51,－誤差内,7.93,○,70.3,9.00,4000
buy,73,57,85,GT12_0,최후의 보루,trap,7,-1.32,1.11,○有意,4.97,△参考,39.6,16.73,4000
buy,74,58,88,TGE6,시초의 거인,mon,6,-1.40,1.28,○有意,5.91,○,52.0,13.39,4000
buy,75,58,86,CHOSEN_MAGE,선택받은 마법사,mon,7,-1.40,1.13,○有意,4.89,△参考,37.3,16.75,4000
buy,76,60,89,ORIGIN_MIMIC,시초의 미믹,mon,8,-1.52,0.97,○有意,3.75,△参考,25.1,19.24,4000
buy,77,63,92,CHOSEN_ROGUE,선택받은 도적,mon,7,-1.73,1.12,○有意,4.57,△参考,38.3,16.75,4000
buy,78,61,94,RUST_SLUG,러스트캡 슬러그,mon,3,-1.77,1.79,－誤差内,8.73,○,97.9,1.50,4000
buy,79,61,94,TAR1,귀족의 집사,mon,1,-1.80,1.72,○有意,1.17,○,98.0,1.50,4000
buy,80,63,94,MERCH1,견습 상인,mon,1,-1.85,1.68,○有意,1.12,○,98.1,1.50,4000
buy,81,64,96,HPS_GRAFT,생명 접목,spell,2,-1.88,1.78,○有意,4.30,○,86.2,1.50,4000
buy,82,62,97,S1,삼격의 불씨,spell,1,-1.98,1.74,○有意,0.99,○,95.3,1.50,4000
buy,83,61,97,T12,성벽 강화,trap,3,-1.98,1.78,○有意,8.53,○,96.1,1.50,4000
buy,84,69,100,MANA_GIANT,자이언트 골램,mon,5,-2.20,1.54,○有意,6.88,○,70.3,9.00,4000
buy,85,69,101,TSO2,외로운 늑대,mon,2,-2.23,1.77,○有意,3.95,○,96.5,1.50,4000
buy,86,74,100,GM6_0,드래곤,mon,6,-2.48,1.29,○有意,4.83,○,51.9,13.70,4000
buy,87,69,102,MIMIC_LORD,미믹 리더,mon,2,-2.48,1.80,○有意,3.70,○,96.9,1.50,4000
buy,88,73,104,TSO1,은둔자,mon,1,-2.57,1.71,○有意,0.39,○,96.5,1.50,4000
buy,89,77,103,HERMIT,은둔의 안식,spell,8,-2.57,0.93,◎確実,2.70,✕評価不能,3.3,19.48,4000
buy,90,77,105,NT_NULL3,초급 마력 차단,trap,1,-2.83,1.68,○有意,0.14,○,95.3,1.50,4000
buy,91,76,104,TREASON,반역죄,spell,1,-2.83,1.70,○有意,0.14,✕評価不能,0.0,1.50,4000
buy,92,76,106,AMA,어튠 - 마,spell,1,-2.88,1.72,○有意,0.09,△参考,38.8,1.50,4000
buy,93,80,106,UNBRAND,제인,spell,1,-2.97,1.70,○有意,-0.01,✕評価不能,0.0,1.50,4000
buy,94,76,108,WALLBREAK2,공성 붕괴,spell,4,-3.02,1.81,○有意,8.14,○,83.7,1.50,4000
buy,95,80,107,CHOSEN_ARCHER,선택받은 궁수,mon,7,-3.08,1.11,◎確実,3.22,△参考,38.7,16.75,4000
buy,96,81,108,CROSSROADS,선택의 기로,spell,1,-3.10,1.70,○有意,-0.13,✕評価不能,0.0,1.50,4000
buy,97,79,109,NT_NULL4,징병,trap,3,-3.15,1.77,○有意,7.36,○,95.8,1.50,4000
buy,98,83,112,S10,청람 서고,spell,1,-3.20,1.70,○有意,-0.23,○,95.1,1.50,4000
buy,99,83,111,S4,쌍월의 계시,spell,2,-3.30,1.75,○有意,2.88,○,87.8,1.50,4000
buy,100,84,113,TGE3,시초의 수호자,mon,3,-3.35,1.82,○有意,7.16,○,95.6,1.50,4000
buy,101,87,113,MASSACRE,대학살,spell,7,-3.62,1.13,◎確実,2.67,△参考,26.2,16.75,4000
buy,102,89,118,GEM_RAIN,보석의 비,spell,1,-3.65,1.73,◎確実,-0.68,○,95.7,1.50,4000
buy,103,87,115,NWL3,가디언 골램,mon,3,-3.65,1.79,◎確実,6.86,○,98.2,1.50,4000
buy,104,87,116,HPS_OATH,수호의 맹세,spell,3,-3.70,1.79,◎確実,6.81,○,79.7,1.50,4000
buy,105,89,120,NMD2,탐서 정령,mon,2,-3.88,1.77,◎確実,2.30,○,97.2,1.50,4000
buy,106,91,121,HPS_SOIL,생명의 토양,spell,4,-4.00,1.77,◎確実,7.17,○,96.1,1.50,4000
buy,107,93,123,NT_SEAL5,침묵의 거신,mon,5,-4.17,1.56,◎確実,4.90,○,67.1,9.00,4000
buy,108,94,126,ASSASSIN3,상급 암살자,mon,6,-4.23,1.34,◎確実,3.08,△参考,11.4,13.70,4000
buy,109,95,123,EXILE_NUKE2,공허 대붕괴,spell,8,-4.25,0.93,◎確実,1.03,✕評価不能,0.0,19.48,4000
buy,110,99,129,NHEX,견습 주술사,mon,2,-4.45,1.73,◎確実,1.73,○,97.6,1.50,4000
buy,111,99,131,CHOSEN_KNIGHT,선택받은 검사,mon,7,-4.55,1.12,◎確実,1.74,△参考,33.4,16.75,4000
buy,112,99,134,INFERNO,지옥,spell,5,-4.63,1.56,◎確実,4.45,○,73.3,9.00,4000
buy,113,104,135,GS8_0,은월포,spell,8,-4.83,0.98,◎確実,0.45,△参考,28.1,19.48,4000
buy,114,102,137,HORDE,군단의 기수,mon,4,-4.88,1.76,◎確実,6.29,○,94.8,1.50,4000
buy,115,103,140,GT11_1,폐문,trap,4,-4.95,1.76,◎確実,6.22,○,96.1,1.50,4000
buy,116,104,140,M13,보이드 리버,mon,4,-4.95,1.77,◎確実,6.22,○,93.6,1.50,4000
buy,117,104,146,HPS_BOULDER,거암의 가호,spell,5,-5.05,1.52,◎確実,4.03,○,59.6,9.00,4000
buy,118,103,145,SNIPE2,일제 사격,spell,4,-5.05,1.80,◎確実,6.12,○,83.9,1.50,4000
buy,119,105,146,S7,전장의 맥동,spell,3,-5.08,1.81,◎確実,5.43,○,79.7,1.50,4000
buy,120,104,144,TSO3,고독한 사냥꾼,mon,3,-5.08,1.77,◎確実,5.43,○,95.0,1.50,4000
buy,121,106,147,GT10_0,반격 명령,trap,5,-5.10,1.53,◎確実,3.98,○,72.5,8.99,4000
buy,122,105,146,LIFE_SANCTUM,생명의 성소,spell,4,-5.13,1.76,◎確実,6.04,○,93.5,1.50,4000
buy,123,107,149,MIMIC_LAIR,미믹의 은신처,trap,2,-5.30,1.78,◎確実,0.88,○,95.2,1.50,4000
buy,124,109,149,DOUBLE_EXEC,이중 처형,spell,6,-5.30,1.30,◎確実,2.01,○,54.5,13.70,4000
buy,125,112,151,RUNE3,룬 학문 - 상급,spell,7,-5.53,1.12,◎確実,0.77,△参考,29.6,16.75,4000
buy,126,110,149,RUNE1,룬 학문 - 초급,spell,2,-5.58,1.74,◎確実,0.60,△参考,23.4,1.50,4000
buy,127,112,155,EGG_HUNTER,에그헌터,mon,3,-5.73,1.76,◎確実,4.78,○,95.0,1.50,4000
buy,128,114,156,GOLEM3,골램 킹,mon,5,-5.75,1.52,◎確実,3.33,△参考,18.0,9.00,4000
buy,129,113,155,E2,평화 협정,spell,3,-5.75,1.78,◎確実,4.76,○,87.8,1.50,4000
buy,130,116,158,WORLD_BLESS,세계수의 축복,spell,6,-6.02,1.34,◎確実,1.28,○,59.5,12.03,4000
buy,131,116,153,VAMP_PACT,흡혈 계약,spell,2,-6.05,1.75,◎確実,0.13,✕評価不能,0.0,1.50,4000
buy,132,118,154,SCARECROW,허수아비 소집,spell,2,-6.08,1.75,◎確実,0.10,✕評価不能,0.0,1.50,4000
buy,133,118,157,LAND_GRANT,영토 하사,spell,2,-6.10,1.75,◎確実,0.08,✕評価不能,0.0,1.50,4000
buy,134,119,155,CATALYST,균열의 촉매,spell,2,-6.13,1.75,◎確実,0.05,✕評価不能,0.0,1.50,4000
buy,135,118,157,BLOOD_SORROW,피의 마법 - 애,spell,2,-6.15,1.76,◎確実,0.03,✕評価不能,0.0,1.50,4000
buy,136,121,156,DECAY_CRAFT,암기 제조,spell,2,-6.15,1.75,◎確実,0.03,✕評価不能,0.0,1.50,4000
buy,137,122,157,DISARM1,첫 나사 뽑기,spell,2,-6.15,1.75,◎確実,0.03,✕評価不能,0.0,1.50,4000
buy,138,123,158,BUDGET,운영 예산,spell,2,-6.15,1.75,◎確実,0.03,✕評価不能,0.0,1.50,4000
buy,139,121,158,BLOOD_ANGER,피의 마법 - 노,spell,2,-6.17,1.76,◎確実,0.00,✕評価不能,0.0,1.50,4000
buy,140,121,158,PURGE_TOUCH,정화의 손길,spell,2,-6.20,1.75,◎確実,-0.02,✕評価不能,0.0,1.50,4000
buy,141,118,160,M10,마나 골렘,mon,3,-6.20,1.77,◎確実,4.31,○,96.5,1.50,4000
buy,142,116,164,NT_SEAL3,침묵의 파수꾼,mon,3,-6.22,1.85,◎確実,4.28,○,95.9,1.50,4000
buy,143,118,160,T2,중급 마력 차단,trap,2,-6.22,1.77,◎確実,-0.05,○,95.1,1.50,4000
buy,144,121,160,CULL_FLOOD,컬 세례,spell,2,-6.25,1.76,◎確実,-0.07,✕評価不能,0.0,1.50,4000
buy,145,121,161,BLOOD_SECRET,피의 마법 - 비술,spell,2,-6.28,1.75,◎確実,-0.10,✕評価不能,0.0,1.50,4000
buy,146,121,161,HOURGLASS,시간의 모래시계,spell,6,-6.28,1.30,◎確実,1.03,△参考,44.5,13.70,4000
buy,147,120,162,ASSASSIN4,특급 암살자 - 나이트로드,mon,8,-6.30,0.97,◎確実,-1.02,✕評価不能,0.0,19.48,4000
buy,148,120,163,MERCH2,왕도의 상인,mon,3,-6.35,1.78,◎確実,4.16,○,95.9,1.50,4000
buy,149,129,163,GRAPE2,고급 포도,spell,2,-6.42,1.75,◎確実,-0.25,✕評価不能,0.0,1.50,4000
buy,150,124,163,EXILE_NUKE1,공허 포격,spell,6,-6.53,1.31,◎確実,0.78,✕評価不能,0.0,13.70,4000
buy,151,122,164,T11,약탈,trap,3,-6.55,1.77,◎確実,3.96,○,95.8,1.50,4000
buy,152,124,164,T1,어튠 무효 장치,trap,1,-6.55,1.67,◎確実,-3.58,○,95.1,1.50,4000
buy,153,125,163,AHEUK,어튠 - 흑,spell,6,-6.55,1.27,◎確実,0.76,△参考,46.4,13.70,4000
buy,154,125,164,HEXER1,초급 주술사,mon,3,-6.58,1.76,◎確実,3.93,○,95.8,1.50,4000
buy,155,124,166,HANDRESET,망각의 새 패,spell,3,-6.63,1.79,◎確実,3.88,○,86.5,1.50,4000
buy,156,128,166,ELDER_ELF_KING,엘더 하이엘프 킹,mon,7,-6.73,1.13,◎確実,-0.43,✕評価不能,0.6,16.75,4000
buy,157,132,167,SX2,봉인의 실밥,spell,2,-6.85,1.78,◎確実,-0.67,○,53.5,1.50,4000
buy,158,131,169,LEVY,소집,spell,6,-6.88,1.31,◎確実,0.43,✕評価不能,0.0,13.70,4000
buy,159,127,170,ND3,현자의 예언,spell,4,-6.93,1.82,◎確実,4.24,○,84.5,1.50,4000
buy,160,130,168,GS5_4,성검의 한 획,spell,4,-6.95,1.78,◎確実,4.22,○,73.5,1.50,4000
buy,161,134,168,KIN_CALL,동족의 부름,spell,2,-7.05,1.73,◎確実,-0.87,○,92.8,1.50,4000
buy,162,143,175,GM6_1,차원 유폐자,mon,6,-7.40,1.29,◎確実,-0.09,△参考,45.3,13.70,4000
buy,163,142,181,STRONG_ACID,강산성비,spell,4,-7.72,1.80,◎確実,3.44,○,82.2,1.50,4000
buy,164,150,181,ROTTEN_GROUND,부패한 땅,spell,2,-7.75,1.73,◎確実,-1.57,○,92.5,1.50,4000
buy,165,155,186,E1,봉쇄령,spell,3,-8.10,1.77,◎確実,2.41,○,87.5,1.50,4000
buy,166,153,187,DUNGEON,살아있는 던전,mon,2,-8.13,1.81,◎確実,-1.95,○,96.8,1.50,4000
buy,167,156,188,WALLBREAK1,성벽 파쇄,spell,2,-8.20,1.76,◎確実,-2.02,○,90.0,1.50,4000
buy,168,159,187,S15,룬 파열,spell,3,-8.25,1.77,◎確実,2.26,○,93.3,1.50,4000
buy,169,159,188,VAMP_WARD,흡혈의 극의,spell,2,-8.30,1.71,◎確実,-2.13,○,92.8,1.50,4000
buy,170,159,189,SLAY_ART,살생의 극의,spell,2,-8.35,1.75,◎確実,-2.17,○,93.2,1.50,4000
buy,171,159,189,VITAL4,고무왕,mon,4,-8.40,1.76,◎確実,2.77,○,92.5,1.50,4000
buy,172,159,188,NT_NULL6,마나 역류,trap,5,-8.43,1.48,◎確実,0.65,○,72.5,8.99,4000
buy,173,161,191,FURNACE,용광로,spell,2,-8.48,1.77,◎確実,-2.30,○,92.3,1.50,4000
buy,174,162,192,HEXER4,특급 주술사 - 켈로이드,mon,6,-8.53,1.30,◎確実,-1.22,✕評価不能,0.0,13.70,4000
buy,175,162,189,GLASS_BAN,전략 변경,spell,3,-8.58,1.81,◎確実,1.93,○,92.6,1.50,4000
buy,176,164,190,VOID_FRUIT,허무의 과실,spell,3,-8.65,1.76,◎確実,1.86,○,87.8,1.50,4000
buy,177,164,192,GOLIATH_HUNT,자이언트 킬링,spell,3,-8.75,1.77,◎確実,1.76,△参考,16.5,1.50,4000
buy,178,163,197,NMD4,기록자,mon,4,-8.88,1.78,◎確実,2.29,○,92.6,1.50,4000
buy,179,165,201,PURGE_ALL,대숙청,spell,5,-8.97,1.51,◎確実,0.10,✕評価不能,0.0,9.00,4000
buy,180,167,204,GS6_4,화맥 점화,spell,5,-9.10,1.51,◎確実,-0.02,✕評価不能,0.0,9.00,4000
buy,181,168,205,GS5_3,저주문서 독해,spell,5,-9.10,1.51,◎確実,-0.02,✕評価不能,0.0,9.00,4000
buy,182,169,206,RUNE2,룬 학문 - 중급,spell,5,-9.10,1.51,◎確実,-0.02,✕評価不能,0.0,9.00,4000
buy,183,170,207,ND5,고대의 지식,spell,5,-9.10,1.51,◎確実,-0.02,✕評価不能,0.0,9.00,4000
buy,184,167,204,GENESIS_MAGIC,시초의 마법,spell,5,-9.10,1.50,◎確実,-0.02,✕評価不能,0.0,9.00,4000
buy,185,167,199,EGG_MASTER,부화 마스터,mon,3,-9.13,1.75,◎確実,1.38,○,95.9,1.50,4000
buy,186,167,205,SNIPE1,저격,spell,2,-9.15,1.74,◎確実,-2.97,○,91.3,1.50,4000
buy,187,167,204,WAR_DECL,선전포고,trap,4,-9.22,1.77,◎確実,1.94,○,96.1,1.50,4000
buy,188,169,208,E3,지식의 샘,spell,3,-9.43,1.73,◎確実,1.08,○,89.3,1.50,4000
buy,189,173,212,NWIPE,정화의 폭발,spell,5,-9.50,1.51,◎確実,-0.42,△参考,19.9,9.00,4000
buy,190,172,211,S6,운명의 실,spell,3,-9.65,1.79,◎確実,0.86,○,96.2,1.50,4000
buy,191,174,213,WORLD_SEED,세계수의 씨앗,spell,4,-9.80,1.79,◎確実,1.37,○,84.3,1.50,4000
buy,192,176,212,NT_SNARE,덫 속의 덫,trap,3,-9.80,1.75,◎確実,0.71,○,95.7,1.50,4000
buy,193,178,215,S8,리콜,spell,2,-9.93,1.72,◎確実,-3.75,○,94.0,1.50,4000
buy,194,176,213,LIFE_CYCLE,생명의 순환,spell,3,-9.95,1.78,◎確実,0.56,○,93.2,1.50,4000
buy,195,180,217,T10,포식 함정,trap,3,-10.17,1.73,◎確実,0.33,○,96.2,1.50,4000
buy,196,182,212,S12,강철맥 각인,spell,3,-10.27,1.78,◎確実,0.23,✕評価不能,0.0,1.50,4000
buy,197,183,213,MULTI_CULTURE,다양한 문화,spell,3,-10.27,1.78,◎確実,0.23,✕評価不能,0.0,1.50,4000
buy,198,180,217,GT6_1,통행세,trap,3,-10.27,1.75,◎確実,0.23,○,95.7,1.50,4000
buy,199,184,220,HIGH_ELF,하이엘프,mon,6,-10.38,1.31,◎確実,-3.07,✕評価不能,2.1,13.70,4000
buy,200,185,213,EXPANSION,증축,spell,3,-10.42,1.77,◎確実,0.08,✕評価不能,0.0,1.50,4000
buy,201,186,214,DISARM2,청동 해부도,spell,3,-10.42,1.77,◎確実,0.08,✕評価不能,0.0,1.50,4000
buy,202,187,216,VAMP_PACT2,흡혈 각인 계약,spell,3,-10.50,1.77,◎確実,0.01,✕評価不能,0.0,1.50,4000
buy,203,189,216,SHATTER,지진,spell,3,-10.53,1.77,◎確実,-0.02,✕評価不能,0.0,1.50,4000
buy,204,187,217,SCRAPPER,고철 수집상,spell,3,-10.53,1.77,◎確実,-0.02,✕評価不能,0.0,1.50,4000
buy,205,188,215,NL_SECRET,나이트로드의 비기,spell,3,-10.57,1.76,◎確実,-0.07,✕評価不能,0.0,1.50,4000
buy,206,187,218,PAIN_HARVEST,고통 수확,spell,3,-10.57,1.77,◎確実,-0.07,○,92.4,1.50,4000
buy,207,189,216,GENESIS_SONG,시초의 노래,spell,3,-10.57,1.76,◎確実,-0.07,✕評価不能,0.0,1.50,4000
buy,208,190,217,INCUBATOR,고급 부화기,spell,3,-10.57,1.76,◎確実,-0.07,✕評価不能,0.0,1.50,4000
buy,209,191,218,KNIGHT_TEACH,골램 킹의 가르침,spell,3,-10.57,1.76,◎確実,-0.07,✕評価不能,0.0,1.50,4000
buy,210,188,218,INQUISITION,이단 심문,spell,3,-10.60,1.76,◎確実,-0.09,✕評価不能,0.0,1.50,4000
buy,211,189,219,AEM,앤티크 인핸스 매직,spell,3,-10.60,1.76,◎確実,-0.09,✕評価不能,0.0,1.50,4000
buy,212,193,219,BLOOD_JOY,피의 마법 - 희,spell,3,-10.67,1.77,◎確実,-0.17,✕評価不能,0.0,1.50,4000
buy,213,192,221,NHEAL,생명의 가호,spell,3,-10.90,1.78,◎確実,-0.39,○,92.9,1.50,4000
buy,214,194,221,BLOOD_PLEASURE,피의 마법 - 락,spell,4,-11.05,1.79,◎確実,0.12,✕評価不能,0.0,1.50,4000
buy,215,196,221,DEMON_REALM,마계,spell,3,-11.13,1.74,◎確実,-0.62,○,87.8,1.50,4000
buy,216,196,222,DISARM3,마법연구기관,spell,4,-11.15,1.78,◎確実,0.02,✕評価不能,0.0,1.50,4000
buy,217,197,222,MAJESTY_RITE,각인 비술,spell,4,-11.20,1.78,◎確実,-0.03,✕評価不能,0.0,1.50,4000
buy,218,193,223,S5,마켓 크래시,spell,2,-11.22,1.74,◎確実,-5.05,○,93.9,1.50,4000
buy,219,198,223,S14,대지의 축복,spell,4,-11.28,1.79,◎確実,-0.11,✕評価不能,0.0,1.50,4000
buy,220,207,224,BLOOD_SHIELD,흡혈 술식,spell,3,-11.77,1.75,◎確実,-1.27,○,86.9,1.50,4000
buy,221,211,225,CULL_FARM,컬 재배,spell,3,-11.95,1.78,◎確実,-1.44,○,95.5,1.50,4000
buy,222,213,225,BLOOD_FEST,피의 축제,spell,3,-12.03,1.74,◎確実,-1.52,○,88.4,1.50,4000
buy,223,215,226,GAMBLE,육면의 변덕,spell,4,-12.53,1.82,◎確実,-1.36,○,91.0,1.50,4000
buy,224,216,227,GUILD_HQ,암살자 길드 본부,mon,6,-12.68,1.37,◎確実,-5.37,○,52.0,13.70,4000
buy,225,219,227,SX4,두 번째 열쇠,spell,4,-12.70,1.77,◎確実,-1.53,○,55.1,1.50,4000
buy,226,223,229,ELF,엘프,mon,4,-13.55,1.78,◎確実,-2.38,✕評価不能,6.1,1.50,4000
buy,227,224,229,AJIN,어튠 - 진,spell,4,-13.85,1.81,◎確実,-2.68,○,84.2,1.50,4000
buy,228,226,230,BLOOD1,피의 마법 - 블러드 드로우,spell,2,-14.72,1.79,◎確実,-8.55,○,59.0,1.50,4000
buy,229,226,231,GUILD_CHEST,암살자 길드의 보물상자,spell,5,-14.85,1.60,◎確実,-5.77,○,67.0,9.00,4000
buy,230,228,233,FORBIDDEN,금단의 술식,spell,3,-15.65,1.78,◎確実,-5.14,△参考,20.0,1.50,4000
buy,231,229,234,DARK_ELF,다크 엘프,mon,4,-16.32,1.78,◎確実,-5.16,✕評価不能,6.8,1.50,4000
buy,232,230,234,LUCKY_CHEST,행운의 보물상자,spell,3,-16.55,1.82,◎確実,-6.04,○,89.8,1.50,4000
buy,233,230,234,MEDITATE,명상,spell,4,-16.75,1.78,◎確実,-5.58,○,65.3,1.50,4000
buy,234,231,234,MARKET_CRISIS,경제 위기,spell,3,-17.42,1.79,◎確実,-6.92,○,89.3,1.50,4000
buy,235,235,235,BLOOD2,피의 마법 - 블러드 샤워,spell,4,-20.52,1.78,◎確実,-9.36,○,72.0,1.50,4000
buy,236,236,236,VOID_APOSTLE,허무공간의 사도,mon,4,-32.25,1.68,◎確実,-21.08,○,94.5,1.50,4000